{
    "accidents": {
        "mean": 2.632636547088623,
        "50th": 1.2976428866386414,
        "90th": 4.689227104187016,
        "95th": 7.739008712768557,
        "99th": 23.935750598907504,
        "max": 117.52632904052734
    },
    "airline": {
        "mean": 2.3085315227508545,
        "50th": 1.3210247159004211,
        "90th": 2.581816053390507,
        "95th": 5.271886420249939,
        "99th": 26.928446140289346,
        "max": 81.34982299804688
    },
    "baseball": {
        "mean": 3.7079241275787354,
        "50th": 1.6276652812957764,
        "90th": 7.3511538505554235,
        "95th": 12.626813507080088,
        "99th": 32.20663726806649,
        "max": 196.4748992919922
    },
    "carcinogenesis": {
        "mean": 2.8766679763793945,
        "50th": 1.3231409788131714,
        "90th": 5.618058443069464,
        "95th": 9.173211526870729,
        "99th": 29.10088193893433,
        "max": 126.95259094238281
    },
    "consumer": {
        "mean": 1.453188419342041,
        "50th": 1.2415324449539185,
        "90th": 1.8677202105522157,
        "95th": 2.2869024038314825,
        "99th": 4.196987996101381,
        "max": 30.56005859375
    },
    "credit": {
        "mean": 1.3851029872894287,
        "50th": 1.1950737237930298,
        "90th": 1.7844084262847903,
        "95th": 2.1860560178756714,
        "99th": 4.156701116561892,
        "max": 32.87733459472656
    },
    "employee": {
        "mean": 1.4588582515716553,
        "50th": 1.1612539291381836,
        "90th": 2.1877540111541762,
        "95th": 2.9261554002761847,
        "99th": 4.795382986068732,
        "max": 20.04787826538086
    },
    "fhnk": {
        "mean": 2.0128366947174072,
        "50th": 1.4083516001701355,
        "90th": 3.401177573204045,
        "95th": 4.5061423778533936,
        "99th": 8.460870857238788,
        "max": 80.72774505615234
    },
    "financial": {
        "mean": 1.3834691047668457,
        "50th": 1.1671043634414673,
        "90th": 1.9030086398124704,
        "95th": 2.40456200838089,
        "99th": 4.452461099624635,
        "max": 19.62343978881836
    },
    "tournament": {
        "mean": 2.9925122261047363,
        "50th": 1.3062717914581299,
        "90th": 5.0035796165466335,
        "95th": 10.089095211029065,
        "99th": 32.01658420562751,
        "max": 117.06069946289062
    }
}