{
    "geneea": {
        "mean": 2.447531223297119,
        "50th": 1.363210678100586,
        "90th": 4.1659744739532485,
        "95th": 7.525676822662357,
        "99th": 22.987680625915583,
        "max": 94.98957824707031
    },
    "genome": {
        "mean": 1.938450813293457,
        "50th": 1.3127411603927612,
        "90th": 3.5037967205047615,
        "95th": 4.705438351631165,
        "99th": 7.849642572402956,
        "max": 69.15744018554688
    },
    "hepatitis": {
        "mean": 2.3993401527404785,
        "50th": 1.1506014466285706,
        "90th": 2.1814801692962646,
        "95th": 3.0633418679237367,
        "99th": 46.92833637237616,
        "max": 129.8533172607422
    },
    "imdb_full": {
        "mean": 1.6864441633224487,
        "50th": 1.2875105142593384,
        "90th": 2.8410367250442508,
        "95th": 3.7902366042137148,
        "99th": 6.302449150085462,
        "max": 26.760009765625
    },
    "movielens": {
        "mean": 1.5198767185211182,
        "50th": 1.2061771750450134,
        "90th": 2.1284609317779544,
        "95th": 2.917961037158967,
        "99th": 6.665427865982056,
        "max": 50.329463958740234
    },
    "seznam": {
        "mean": 1.7615008354187012,
        "50th": 1.3652467727661133,
        "90th": 2.768916916847229,
        "95th": 3.772049641609193,
        "99th": 6.6860147714614895,
        "max": 38.16904830932617
    },
    "ssb": {
        "mean": 1.3863970041275024,
        "50th": 1.1999518871307373,
        "90th": 1.8033812999725347,
        "95th": 2.1749280214309694,
        "99th": 5.029594254493714,
        "max": 10.18132495880127
    },
    "tournament": {
        "mean": 2.5553090572357178,
        "50th": 1.3001465797424316,
        "90th": 4.249689149856568,
        "95th": 7.164174199104312,
        "99th": 21.745995540618903,
        "max": 110.60226440429688
    },
    "tpc_h": {
        "mean": 2.029292106628418,
        "50th": 1.3499075174331665,
        "90th": 3.540789198875428,
        "95th": 5.310953521728516,
        "99th": 10.252699985504163,
        "max": 50.206214904785156
    },
    "walmart": {
        "mean": 1.1395519971847534,
        "50th": 1.0908730626106262,
        "90th": 1.2941575884819032,
        "95th": 1.423289227485657,
        "99th": 1.9391081392765073,
        "max": 3.5083844661712646
    }
}