{
  "config": {
    "model_type": "statistical",
    "node_encoder_type": "simple",
    "hidden_dim": 32,
    "output_dim": 1,
    "learning_rate": 0.01,
    "batch_size": 16,
    "num_epochs": 10,
    "weight_decay": 0.0001,
    "target_column": "Actual Total Time",
    "train_ratio": 0.8,
    "val_ratio": 0.1,
    "early_stopping_patience": 5,
    "save_best_model": true,
    "log_interval": 2,
    "output_dir": "result/training",
    "model_name": "gnto_model",
    "normalize_targets": true,
    "clip_gradient": null,
    "scheduler_type": null
  },
  "training_time": 119.07435631752014,
  "final_train_metrics": {
    "mse": 128329287.68011105,
    "rmse": 11328.251748619954,
    "mae": 5864.932699620116,
    "mape": 155158.47621611666,
    "r2": 0.18805859214372,
    "mean_error": 5.159363256835979,
    "std_error": 11328.250573724164,
    "q_error_mean": 29.67328502025396,
    "q_error_95th": 26.501487497582428,
    "q_error_99th": 271.09078635186665,
    "loss": 0.8119413277917776
  },
  "final_val_metrics": {
    "mse": 108348393.4085519,
    "rmse": 10409.053434801452,
    "mae": 4994.295919453126,
    "mape": 233800.35735369843,
    "r2": 0.22471028436739893,
    "mean_error": -1809.816409421875,
    "std_error": 10250.510132317278,
    "q_error_mean": 4.048823802981546,
    "q_error_95th": 11.299070290278648,
    "q_error_99th": 19.19711489288899
  },
  "test_metrics": {
    "mse": 139923972.39736262,
    "rmse": 11828.946377313689,
    "mae": 5086.376043027343,
    "mape": 153335.7155867317,
    "r2": 0.193461651413682,
    "mean_error": -2023.7342456679687,
    "std_error": 11654.547271356074,
    "q_error_mean": 3.6139644716810118,
    "q_error_95th": 12.409745875882727,
    "q_error_99th": 18.64775179266729
  },
  "best_metrics": {
    "val_mse": 108348393.4085519,
    "train_mse": 128329287.68011105,
    "val_mae": 4994.295919453126,
    "train_mae": 5864.932699620116,
    "val_r2": 0.22471028436739893,
    "train_r2": 0.18805859214372
  },
  "best_epoch": 9
}